model,tfidf_ngram,class_weight,accuracy,macro_f1,weighted_f1,macro_precision,macro_recall
logreg,"(1,1)",balanced,0.2227414330218068,0.2240414268400336,0.2212118375712104,0.2233770028495491,0.2361076787429731
logreg,"(1,2)",,0.2328660436137071,0.2177419003967998,0.2268932448091044,0.2474178930182777,0.2181445928537804
tfidf_logreg,"(1,1)",,0.21495327102803738,0.19583751645282768,0.20764931818879773,0.22730155958184264,0.19937426791806
