{
  "model": "tfidf_logreg",
  "split": "validation",
  "accuracy": 0.21495327102803738,
  "macro_precision": 0.22730155958184264,
  "macro_recall": 0.19937426791806,
  "macro_f1": 0.19583751645282768,
  "weighted_precision": 0.22124540637990556,
  "weighted_recall": 0.21495327102803738,
  "weighted_f1": 0.20764931818879773
}