label,support,precision,recall,f1
pants-fire,116,0.3157894736842105,0.05172413793103448,0.08888888888888889
barely-true,237,0.17318435754189945,0.1308016877637131,0.14903846153846154
half-true,248,0.18354430379746836,0.23387096774193547,0.20567375886524822
true,169,0.19095477386934673,0.22485207100591717,0.20652173913043478
mostly-true,251,0.248,0.24701195219123506,0.2475049900199601
false,263,0.2523364485981308,0.30798479087452474,0.2773972602739726
