{
  "eval_loss": 1.7362022399902344,
  "eval_accuracy": 0.235202492211838,
  "eval_precision_macro": 0.14173356543079718,
  "eval_recall_macro": 0.19592159743145446,
  "eval_f1_macro": 0.13648470159419065,
  "eval_runtime": 37.5168,
  "eval_samples_per_second": 34.225,
  "eval_steps_per_second": 2.159,
  "epoch": 0.234375
}